'Abiye Membere','Alhaji Abdullahi Bukar'
,0
'Abiye Membere','Aminu Baba-Kusa'
,0
'Abiye Membere','Andrew Yakubu'
,0
'Abiye Membere','Anthony Madichie'
,0
'Abiye Membere','Anthony Ogbuigwe'
,0
'Abiye Membere','Attahir B. Yusuf'
,0
'Abiye Membere','Awwalu Abubakar'
,0
'Abiye Membere','Ayodele Balogun'
,0
'Abiye Membere','Bala Mohammed'
,0
'Abiye Membere','Bart Nnaji'
,0
'Abiye Membere','Bashir Yugudu'
,0
'Abiye Membere','Bello H. Mohammed'
,0
'Abiye Membere','Bernard O.N. Otti'
,0
'Abiye Membere','Bolaji Abdullahi'
,0
'Abiye Membere','Bukar Tijani'
,0
'Abiye Membere','Caleb Olubolade'
,0
'Abiye Membere','Comrade Abba Moro'
,0
'Abiye Membere','Daniel Wadzani'
,0
'Abiye Membere','Danladi Kifasi'
,0
'Abiye Membere','David Ige'
,0
'Abiye Membere','Diezani Alison-Madueke'
,0
'Abiye Membere','Eddy Ejikam'
,0
'Abiye Membere','Emeka Wogu'
,0
'Abiye Membere','Erelu Olusola Obada'
,0
'Abiye Membere','Godsday Orubebe'
,0
'Abiye Membere','Goodluck Jonathan'
,0
'Abiye Membere','Idris A.Umar'
,0
'Abiye Membere','Ita Okon Bassey Ewa'
,0
'Abiye Membere','Labaran Maku'
,0
'Abiye Membere','Levi Ajuonuma'
,0
'Abiye Membere','Mike Onolememen'
,0
'Abiye Membere','M.O Bajomo'
,0
'Abiye Membere','Mohammed Bello Adoke'
,0
'Abiye Membere','Mohammed Musa Sada'
,0
'Abiye Membere','Ngozi Okonjo-Iweala'
,0
'Abiye Membere','Olajumoke Akinjide'
,0
'Abiye Membere','Olugbenga Ashiru'
,0
'Abiye Membere','Olusegun O. Aganga'
,0
'Abiye Membere','Olusegun Okunnu'
,0
'Abiye Membere','Onyebuchi Chukwu'
,0
'Abiye Membere','Peter S. Nmadu'
,0
'Abiye Membere','Ruqayyatu Rufai'
,0
'Abiye Membere','Samuel Ioraer Ortom'
,0
'Abiye Membere','Shamsudeen Usman'
,0
'Abiye Membere','Stella Oduah-Ogiemwonyi'
,0
'Abiye Membere','Steven Oronsaye'
,0
'Abiye Membere','Viola Onwuliri'
,0
'Abiye Membere','Yerima Lawal Ngama'
,0
'Abiye Membere','Yusuf Sulaiman'
,0
'Abiye Membere','Zainab Ibrahim Kuchi'
,0
'Abiye Membere','Zainab Maina'
,0
'Alhaji Abdullahi Bukar','Aminu Baba-Kusa'
,0
'Alhaji Abdullahi Bukar','Andrew Yakubu'
,0
'Alhaji Abdullahi Bukar','Anthony Madichie'
,0
'Alhaji Abdullahi Bukar','Anthony Ogbuigwe'
,0
'Alhaji Abdullahi Bukar','Attahir B. Yusuf'
,0
'Alhaji Abdullahi Bukar','Awwalu Abubakar'
,0
'Alhaji Abdullahi Bukar','Ayodele Balogun'
,0
'Alhaji Abdullahi Bukar','Bala Mohammed'
,0
'Alhaji Abdullahi Bukar','Bart Nnaji'
,0
'Alhaji Abdullahi Bukar','Bashir Yugudu'
,0
'Alhaji Abdullahi Bukar','Bello H. Mohammed'
,0
'Alhaji Abdullahi Bukar','Bernard O.N. Otti'
,0
'Alhaji Abdullahi Bukar','Bolaji Abdullahi'
,0
'Alhaji Abdullahi Bukar','Bukar Tijani'
,1
'Alhaji Abdullahi Bukar','Caleb Olubolade'
,0
'Alhaji Abdullahi Bukar','Comrade Abba Moro'
,0
'Alhaji Abdullahi Bukar','Daniel Wadzani'
,0
'Alhaji Abdullahi Bukar','Danladi Kifasi'
,0
'Alhaji Abdullahi Bukar','David Ige'
,0
'Alhaji Abdullahi Bukar','Diezani Alison-Madueke'
,0
'Alhaji Abdullahi Bukar','Eddy Ejikam'
,0
'Alhaji Abdullahi Bukar','Emeka Wogu'
,0
'Alhaji Abdullahi Bukar','Erelu Olusola Obada'
,0
'Alhaji Abdullahi Bukar','Godsday Orubebe'
,0
'Alhaji Abdullahi Bukar','Goodluck Jonathan'
,0
'Alhaji Abdullahi Bukar','Idris A.Umar'
,0
'Alhaji Abdullahi Bukar','Ita Okon Bassey Ewa'
,0
'Alhaji Abdullahi Bukar','Labaran Maku'
,0
'Alhaji Abdullahi Bukar','Levi Ajuonuma'
,0
'Alhaji Abdullahi Bukar','Mike Onolememen'
,0
'Alhaji Abdullahi Bukar','M.O Bajomo'
,0
'Alhaji Abdullahi Bukar','Mohammed Bello Adoke'
,0
'Alhaji Abdullahi Bukar','Mohammed Musa Sada'
,0
'Alhaji Abdullahi Bukar','Ngozi Okonjo-Iweala'
,0
'Alhaji Abdullahi Bukar','Olajumoke Akinjide'
,0
'Alhaji Abdullahi Bukar','Olugbenga Ashiru'
,0
'Alhaji Abdullahi Bukar','Olusegun O. Aganga'
,0
'Alhaji Abdullahi Bukar','Olusegun Okunnu'
,0
'Alhaji Abdullahi Bukar','Onyebuchi Chukwu'
,0
'Alhaji Abdullahi Bukar','Peter S. Nmadu'
,0
'Alhaji Abdullahi Bukar','Ruqayyatu Rufai'
,0
'Alhaji Abdullahi Bukar','Samuel Ioraer Ortom'
,0
'Alhaji Abdullahi Bukar','Shamsudeen Usman'
,0
'Alhaji Abdullahi Bukar','Stella Oduah-Ogiemwonyi'
,0
'Alhaji Abdullahi Bukar','Steven Oronsaye'
,0
'Alhaji Abdullahi Bukar','Viola Onwuliri'
,0
'Alhaji Abdullahi Bukar','Yerima Lawal Ngama'
,0
'Alhaji Abdullahi Bukar','Yusuf Sulaiman'
,0
'Alhaji Abdullahi Bukar','Zainab Ibrahim Kuchi'
,0
'Alhaji Abdullahi Bukar','Zainab Maina'
,0
'Aminu Baba-Kusa','Andrew Yakubu'
,0
'Aminu Baba-Kusa','Anthony Madichie'
,0
'Aminu Baba-Kusa','Anthony Ogbuigwe'
,0
'Aminu Baba-Kusa','Attahir B. Yusuf'
,0
'Aminu Baba-Kusa','Awwalu Abubakar'
,0
'Aminu Baba-Kusa','Ayodele Balogun'
,0
'Aminu Baba-Kusa','Bala Mohammed'
,0
'Aminu Baba-Kusa','Bart Nnaji'
,0
'Aminu Baba-Kusa','Bashir Yugudu'
,0
'Aminu Baba-Kusa','Bello H. Mohammed'
,0
'Aminu Baba-Kusa','Bernard O.N. Otti'
,0
'Aminu Baba-Kusa','Bolaji Abdullahi'
,0
'Aminu Baba-Kusa','Bukar Tijani'
,0
'Aminu Baba-Kusa','Caleb Olubolade'
,0
'Aminu Baba-Kusa','Comrade Abba Moro'
,0
'Aminu Baba-Kusa','Daniel Wadzani'
,0
'Aminu Baba-Kusa','Danladi Kifasi'
,0
'Aminu Baba-Kusa','David Ige'
,0
'Aminu Baba-Kusa','Diezani Alison-Madueke'
,0
'Aminu Baba-Kusa','Eddy Ejikam'
,0
'Aminu Baba-Kusa','Emeka Wogu'
,0
'Aminu Baba-Kusa','Erelu Olusola Obada'
,0
'Aminu Baba-Kusa','Godsday Orubebe'
,0
'Aminu Baba-Kusa','Goodluck Jonathan'
,0
'Aminu Baba-Kusa','Idris A.Umar'
,0
'Aminu Baba-Kusa','Ita Okon Bassey Ewa'
,0
'Aminu Baba-Kusa','Labaran Maku'
,0
'Aminu Baba-Kusa','Levi Ajuonuma'
,0
'Aminu Baba-Kusa','Mike Onolememen'
,0
'Aminu Baba-Kusa','M.O Bajomo'
,0
'Aminu Baba-Kusa','Mohammed Bello Adoke'
,0
'Aminu Baba-Kusa','Mohammed Musa Sada'
,0
'Aminu Baba-Kusa','Ngozi Okonjo-Iweala'
,0
'Aminu Baba-Kusa','Olajumoke Akinjide'
,0
'Aminu Baba-Kusa','Olugbenga Ashiru'
,0
'Aminu Baba-Kusa','Olusegun O. Aganga'
,0
'Aminu Baba-Kusa','Olusegun Okunnu'
,0
'Aminu Baba-Kusa','Onyebuchi Chukwu'
,0
'Aminu Baba-Kusa','Peter S. Nmadu'
,0
'Aminu Baba-Kusa','Ruqayyatu Rufai'
,0
'Aminu Baba-Kusa','Samuel Ioraer Ortom'
,0
'Aminu Baba-Kusa','Shamsudeen Usman'
,0
'Aminu Baba-Kusa','Stella Oduah-Ogiemwonyi'
,0
'Aminu Baba-Kusa','Steven Oronsaye'
,0
'Aminu Baba-Kusa','Viola Onwuliri'
,0
'Aminu Baba-Kusa','Yerima Lawal Ngama'
,0
'Aminu Baba-Kusa','Yusuf Sulaiman'
,0
'Aminu Baba-Kusa','Zainab Ibrahim Kuchi'
,0
'Aminu Baba-Kusa','Zainab Maina'
,0
'Andrew Yakubu','Anthony Madichie'
,0
'Andrew Yakubu','Anthony Ogbuigwe'
,0
'Andrew Yakubu','Attahir B. Yusuf'
,0
'Andrew Yakubu','Awwalu Abubakar'
,0
'Andrew Yakubu','Ayodele Balogun'
,0
'Andrew Yakubu','Bala Mohammed'
,0
'Andrew Yakubu','Bart Nnaji'
,0
'Andrew Yakubu','Bashir Yugudu'
,0
'Andrew Yakubu','Bello H. Mohammed'
,0
'Andrew Yakubu','Bernard O.N. Otti'
,0
'Andrew Yakubu','Bolaji Abdullahi'
,0
'Andrew Yakubu','Bukar Tijani'
,0
'Andrew Yakubu','Caleb Olubolade'
,0
'Andrew Yakubu','Comrade Abba Moro'
,0
'Andrew Yakubu','Daniel Wadzani'
,0
'Andrew Yakubu','Danladi Kifasi'
,0
'Andrew Yakubu','David Ige'
,0
'Andrew Yakubu','Diezani Alison-Madueke'
,0
'Andrew Yakubu','Eddy Ejikam'
,0
'Andrew Yakubu','Emeka Wogu'
,0
'Andrew Yakubu','Erelu Olusola Obada'
,0
'Andrew Yakubu','Godsday Orubebe'
,0
'Andrew Yakubu','Goodluck Jonathan'
,0
'Andrew Yakubu','Idris A.Umar'
,0
'Andrew Yakubu','Ita Okon Bassey Ewa'
,0
'Andrew Yakubu','Labaran Maku'
,0
'Andrew Yakubu','Levi Ajuonuma'
,0
'Andrew Yakubu','Mike Onolememen'
,0
'Andrew Yakubu','M.O Bajomo'
,0
'Andrew Yakubu','Mohammed Bello Adoke'
,0
'Andrew Yakubu','Mohammed Musa Sada'
,0
'Andrew Yakubu','Ngozi Okonjo-Iweala'
,0
'Andrew Yakubu','Olajumoke Akinjide'
,0
'Andrew Yakubu','Olugbenga Ashiru'
,0
'Andrew Yakubu','Olusegun O. Aganga'
,0
'Andrew Yakubu','Olusegun Okunnu'
,0
'Andrew Yakubu','Onyebuchi Chukwu'
,0
'Andrew Yakubu','Peter S. Nmadu'
,0
'Andrew Yakubu','Ruqayyatu Rufai'
,0
'Andrew Yakubu','Samuel Ioraer Ortom'
,0
'Andrew Yakubu','Shamsudeen Usman'
,0
'Andrew Yakubu','Stella Oduah-Ogiemwonyi'
,0
'Andrew Yakubu','Steven Oronsaye'
,0
'Andrew Yakubu','Viola Onwuliri'
,0
'Andrew Yakubu','Yerima Lawal Ngama'
,0
'Andrew Yakubu','Yusuf Sulaiman'
,0
'Andrew Yakubu','Zainab Ibrahim Kuchi'
,0
'Andrew Yakubu','Zainab Maina'
,0
'Anthony Madichie','Anthony Ogbuigwe'
,0
'Anthony Madichie','Attahir B. Yusuf'
,0
'Anthony Madichie','Awwalu Abubakar'
,0
'Anthony Madichie','Ayodele Balogun'
,0
'Anthony Madichie','Bala Mohammed'
,0
'Anthony Madichie','Bart Nnaji'
,0
'Anthony Madichie','Bashir Yugudu'
,0
'Anthony Madichie','Bello H. Mohammed'
,0
'Anthony Madichie','Bernard O.N. Otti'
,0
'Anthony Madichie','Bolaji Abdullahi'
,0
'Anthony Madichie','Bukar Tijani'
,0
'Anthony Madichie','Caleb Olubolade'
,0
'Anthony Madichie','Comrade Abba Moro'
,0
'Anthony Madichie','Daniel Wadzani'
,0
'Anthony Madichie','Danladi Kifasi'
,0
'Anthony Madichie','David Ige'
,0
'Anthony Madichie','Diezani Alison-Madueke'
,0
'Anthony Madichie','Eddy Ejikam'
,0
'Anthony Madichie','Emeka Wogu'
,0
'Anthony Madichie','Erelu Olusola Obada'
,0
'Anthony Madichie','Godsday Orubebe'
,0
'Anthony Madichie','Goodluck Jonathan'
,0
'Anthony Madichie','Idris A.Umar'
,0
'Anthony Madichie','Ita Okon Bassey Ewa'
,0
'Anthony Madichie','Labaran Maku'
,0
'Anthony Madichie','Levi Ajuonuma'
,0
'Anthony Madichie','Mike Onolememen'
,0
'Anthony Madichie','M.O Bajomo'
,0
'Anthony Madichie','Mohammed Bello Adoke'
,0
'Anthony Madichie','Mohammed Musa Sada'
,0
'Anthony Madichie','Ngozi Okonjo-Iweala'
,0
'Anthony Madichie','Olajumoke Akinjide'
,0
'Anthony Madichie','Olugbenga Ashiru'
,0
'Anthony Madichie','Olusegun O. Aganga'
,0
'Anthony Madichie','Olusegun Okunnu'
,0
'Anthony Madichie','Onyebuchi Chukwu'
,0
'Anthony Madichie','Peter S. Nmadu'
,0
'Anthony Madichie','Ruqayyatu Rufai'
,0
'Anthony Madichie','Samuel Ioraer Ortom'
,0
'Anthony Madichie','Shamsudeen Usman'
,0
'Anthony Madichie','Stella Oduah-Ogiemwonyi'
,0
'Anthony Madichie','Steven Oronsaye'
,0
'Anthony Madichie','Viola Onwuliri'
,0
'Anthony Madichie','Yerima Lawal Ngama'
,0
'Anthony Madichie','Yusuf Sulaiman'
,0
'Anthony Madichie','Zainab Ibrahim Kuchi'
,0
'Anthony Madichie','Zainab Maina'
,0
'Anthony Ogbuigwe','Attahir B. Yusuf'
,0
'Anthony Ogbuigwe','Awwalu Abubakar'
,0
'Anthony Ogbuigwe','Ayodele Balogun'
,0
'Anthony Ogbuigwe','Bala Mohammed'
,0
'Anthony Ogbuigwe','Bart Nnaji'
,1
'Anthony Ogbuigwe','Bashir Yugudu'
,0
'Anthony Ogbuigwe','Bello H. Mohammed'
,0
'Anthony Ogbuigwe','Bernard O.N. Otti'
,0
'Anthony Ogbuigwe','Bolaji Abdullahi'
,0
'Anthony Ogbuigwe','Bukar Tijani'
,0
'Anthony Ogbuigwe','Caleb Olubolade'
,0
'Anthony Ogbuigwe','Comrade Abba Moro'
,0
'Anthony Ogbuigwe','Daniel Wadzani'
,0
'Anthony Ogbuigwe','Danladi Kifasi'
,0
'Anthony Ogbuigwe','David Ige'
,0
'Anthony Ogbuigwe','Diezani Alison-Madueke'
,1
'Anthony Ogbuigwe','Eddy Ejikam'
,0
'Anthony Ogbuigwe','Emeka Wogu'
,0
'Anthony Ogbuigwe','Erelu Olusola Obada'
,0
'Anthony Ogbuigwe','Godsday Orubebe'
,0
'Anthony Ogbuigwe','Goodluck Jonathan'
,0
'Anthony Ogbuigwe','Idris A.Umar'
,0
'Anthony Ogbuigwe','Ita Okon Bassey Ewa'
,0
'Anthony Ogbuigwe','Labaran Maku'
,0
'Anthony Ogbuigwe','Levi Ajuonuma'
,0
'Anthony Ogbuigwe','Mike Onolememen'
,0
'Anthony Ogbuigwe','M.O Bajomo'
,0
'Anthony Ogbuigwe','Mohammed Bello Adoke'
,0
'Anthony Ogbuigwe','Mohammed Musa Sada'
,0
'Anthony Ogbuigwe','Ngozi Okonjo-Iweala'
,0
'Anthony Ogbuigwe','Olajumoke Akinjide'
,0
'Anthony Ogbuigwe','Olugbenga Ashiru'
,0
'Anthony Ogbuigwe','Olusegun O. Aganga'
,0
'Anthony Ogbuigwe','Olusegun Okunnu'
,0
'Anthony Ogbuigwe','Onyebuchi Chukwu'
,0
'Anthony Ogbuigwe','Peter S. Nmadu'
,0
'Anthony Ogbuigwe','Ruqayyatu Rufai'
,0
'Anthony Ogbuigwe','Samuel Ioraer Ortom'
,0
'Anthony Ogbuigwe','Shamsudeen Usman'
,0
'Anthony Ogbuigwe','Stella Oduah-Ogiemwonyi'
,0
'Anthony Ogbuigwe','Steven Oronsaye'
,0
'Anthony Ogbuigwe','Viola Onwuliri'
,0
'Anthony Ogbuigwe','Yerima Lawal Ngama'
,0
'Anthony Ogbuigwe','Yusuf Sulaiman'
,0
'Anthony Ogbuigwe','Zainab Ibrahim Kuchi'
,0
'Anthony Ogbuigwe','Zainab Maina'
,0
'Attahir B. Yusuf','Awwalu Abubakar'
,0
'Attahir B. Yusuf','Ayodele Balogun'
,0
'Attahir B. Yusuf','Bala Mohammed'
,0
'Attahir B. Yusuf','Bart Nnaji'
,0
'Attahir B. Yusuf','Bashir Yugudu'
,0
'Attahir B. Yusuf','Bello H. Mohammed'
,0
'Attahir B. Yusuf','Bernard O.N. Otti'
,0
'Attahir B. Yusuf','Bolaji Abdullahi'
,0
'Attahir B. Yusuf','Bukar Tijani'
,0
'Attahir B. Yusuf','Caleb Olubolade'
,0
'Attahir B. Yusuf','Comrade Abba Moro'
,0
'Attahir B. Yusuf','Daniel Wadzani'
,0
'Attahir B. Yusuf','Danladi Kifasi'
,0
'Attahir B. Yusuf','David Ige'
,0
'Attahir B. Yusuf','Diezani Alison-Madueke'
,0
'Attahir B. Yusuf','Eddy Ejikam'
,0
'Attahir B. Yusuf','Emeka Wogu'
,0
'Attahir B. Yusuf','Erelu Olusola Obada'
,0
'Attahir B. Yusuf','Godsday Orubebe'
,0
'Attahir B. Yusuf','Goodluck Jonathan'
,0
'Attahir B. Yusuf','Idris A.Umar'
,0
'Attahir B. Yusuf','Ita Okon Bassey Ewa'
,0
'Attahir B. Yusuf','Labaran Maku'
,0
'Attahir B. Yusuf','Levi Ajuonuma'
,0
'Attahir B. Yusuf','Mike Onolememen'
,0
'Attahir B. Yusuf','M.O Bajomo'
,0
'Attahir B. Yusuf','Mohammed Bello Adoke'
,0
'Attahir B. Yusuf','Mohammed Musa Sada'
,0
'Attahir B. Yusuf','Ngozi Okonjo-Iweala'
,0
'Attahir B. Yusuf','Olajumoke Akinjide'
,0
'Attahir B. Yusuf','Olugbenga Ashiru'
,0
'Attahir B. Yusuf','Olusegun O. Aganga'
,0
'Attahir B. Yusuf','Olusegun Okunnu'
,0
'Attahir B. Yusuf','Onyebuchi Chukwu'
,0
'Attahir B. Yusuf','Peter S. Nmadu'
,0
'Attahir B. Yusuf','Ruqayyatu Rufai'
,0
'Attahir B. Yusuf','Samuel Ioraer Ortom'
,0
'Attahir B. Yusuf','Shamsudeen Usman'
,0
'Attahir B. Yusuf','Stella Oduah-Ogiemwonyi'
,0
'Attahir B. Yusuf','Steven Oronsaye'
,0
'Attahir B. Yusuf','Viola Onwuliri'
,0
'Attahir B. Yusuf','Yerima Lawal Ngama'
,0
'Attahir B. Yusuf','Yusuf Sulaiman'
,0
'Attahir B. Yusuf','Zainab Ibrahim Kuchi'
,0
'Attahir B. Yusuf','Zainab Maina'
,0
'Awwalu Abubakar','Ayodele Balogun'
,0
'Awwalu Abubakar','Bala Mohammed'
,0
'Awwalu Abubakar','Bart Nnaji'
,0
'Awwalu Abubakar','Bashir Yugudu'
,0
'Awwalu Abubakar','Bello H. Mohammed'
,0
'Awwalu Abubakar','Bernard O.N. Otti'
,0
'Awwalu Abubakar','Bolaji Abdullahi'
,0
'Awwalu Abubakar','Bukar Tijani'
,0
'Awwalu Abubakar','Caleb Olubolade'
,0
'Awwalu Abubakar','Comrade Abba Moro'
,0
'Awwalu Abubakar','Daniel Wadzani'
,0
'Awwalu Abubakar','Danladi Kifasi'
,0
'Awwalu Abubakar','David Ige'
,0
'Awwalu Abubakar','Diezani Alison-Madueke'
,0
'Awwalu Abubakar','Eddy Ejikam'
,0
'Awwalu Abubakar','Emeka Wogu'
,0
'Awwalu Abubakar','Erelu Olusola Obada'
,0
'Awwalu Abubakar','Godsday Orubebe'
,0
'Awwalu Abubakar','Goodluck Jonathan'
,0
'Awwalu Abubakar','Idris A.Umar'
,0
'Awwalu Abubakar','Ita Okon Bassey Ewa'
,0
'Awwalu Abubakar','Labaran Maku'
,0
'Awwalu Abubakar','Levi Ajuonuma'
,0
'Awwalu Abubakar','Mike Onolememen'
,0
'Awwalu Abubakar','M.O Bajomo'
,0
'Awwalu Abubakar','Mohammed Bello Adoke'
,0
'Awwalu Abubakar','Mohammed Musa Sada'
,0
'Awwalu Abubakar','Ngozi Okonjo-Iweala'
,0
'Awwalu Abubakar','Olajumoke Akinjide'
,0
'Awwalu Abubakar','Olugbenga Ashiru'
,0
'Awwalu Abubakar','Olusegun O. Aganga'
,0
'Awwalu Abubakar','Olusegun Okunnu'
,0
'Awwalu Abubakar','Onyebuchi Chukwu'
,0
'Awwalu Abubakar','Peter S. Nmadu'
,0
'Awwalu Abubakar','Ruqayyatu Rufai'
,0
'Awwalu Abubakar','Samuel Ioraer Ortom'
,0
'Awwalu Abubakar','Shamsudeen Usman'
,0
'Awwalu Abubakar','Stella Oduah-Ogiemwonyi'
,0
'Awwalu Abubakar','Steven Oronsaye'
,0
'Awwalu Abubakar','Viola Onwuliri'
,0
'Awwalu Abubakar','Yerima Lawal Ngama'
,0
'Awwalu Abubakar','Yusuf Sulaiman'
,0
'Awwalu Abubakar','Zainab Ibrahim Kuchi'
,0
'Awwalu Abubakar','Zainab Maina'
,0
'Ayodele Balogun','Bala Mohammed'
,0
'Ayodele Balogun','Bart Nnaji'
,0
'Ayodele Balogun','Bashir Yugudu'
,0
'Ayodele Balogun','Bello H. Mohammed'
,0
'Ayodele Balogun','Bernard O.N. Otti'
,0
'Ayodele Balogun','Bolaji Abdullahi'
,0
'Ayodele Balogun','Bukar Tijani'
,0
'Ayodele Balogun','Caleb Olubolade'
,0
'Ayodele Balogun','Comrade Abba Moro'
,0
'Ayodele Balogun','Daniel Wadzani'
,0
'Ayodele Balogun','Danladi Kifasi'
,0
'Ayodele Balogun','David Ige'
,0
'Ayodele Balogun','Diezani Alison-Madueke'
,0
'Ayodele Balogun','Eddy Ejikam'
,0
'Ayodele Balogun','Emeka Wogu'
,0
'Ayodele Balogun','Erelu Olusola Obada'
,0
'Ayodele Balogun','Godsday Orubebe'
,0
'Ayodele Balogun','Goodluck Jonathan'
,0
'Ayodele Balogun','Idris A.Umar'
,0
'Ayodele Balogun','Ita Okon Bassey Ewa'
,0
'Ayodele Balogun','Labaran Maku'
,0
'Ayodele Balogun','Levi Ajuonuma'
,0
'Ayodele Balogun','Mike Onolememen'
,0
'Ayodele Balogun','M.O Bajomo'
,0
'Ayodele Balogun','Mohammed Bello Adoke'
,0
'Ayodele Balogun','Mohammed Musa Sada'
,0
'Ayodele Balogun','Ngozi Okonjo-Iweala'
,0
'Ayodele Balogun','Olajumoke Akinjide'
,0
'Ayodele Balogun','Olugbenga Ashiru'
,0
'Ayodele Balogun','Olusegun O. Aganga'
,0
'Ayodele Balogun','Olusegun Okunnu'
,0
'Ayodele Balogun','Onyebuchi Chukwu'
,0
'Ayodele Balogun','Peter S. Nmadu'
,0
'Ayodele Balogun','Ruqayyatu Rufai'
,0
'Ayodele Balogun','Samuel Ioraer Ortom'
,0
'Ayodele Balogun','Shamsudeen Usman'
,0
'Ayodele Balogun','Stella Oduah-Ogiemwonyi'
,0
'Ayodele Balogun','Steven Oronsaye'
,0
'Ayodele Balogun','Viola Onwuliri'
,0
'Ayodele Balogun','Yerima Lawal Ngama'
,0
'Ayodele Balogun','Yusuf Sulaiman'
,0
'Ayodele Balogun','Zainab Ibrahim Kuchi'
,0
'Ayodele Balogun','Zainab Maina'
,0
'Bala Mohammed','Bart Nnaji'
,0
'Bala Mohammed','Bashir Yugudu'
,0
'Bala Mohammed','Bello H. Mohammed'
,1
'Bala Mohammed','Bernard O.N. Otti'
,0
'Bala Mohammed','Bolaji Abdullahi'
,0
'Bala Mohammed','Bukar Tijani'
,0
'Bala Mohammed','Caleb Olubolade'
,0
'Bala Mohammed','Comrade Abba Moro'
,0
'Bala Mohammed','Daniel Wadzani'
,0
'Bala Mohammed','Danladi Kifasi'
,0
'Bala Mohammed','David Ige'
,0
'Bala Mohammed','Diezani Alison-Madueke'
,0
'Bala Mohammed','Eddy Ejikam'
,0
'Bala Mohammed','Emeka Wogu'
,1
'Bala Mohammed','Erelu Olusola Obada'
,1
'Bala Mohammed','Godsday Orubebe'
,0
'Bala Mohammed','Goodluck Jonathan'
,2
'Bala Mohammed','Idris A.Umar'
,0
'Bala Mohammed','Ita Okon Bassey Ewa'
,0
'Bala Mohammed','Labaran Maku'
,0
'Bala Mohammed','Levi Ajuonuma'
,0
'Bala Mohammed','Mike Onolememen'
,0
'Bala Mohammed','M.O Bajomo'
,0
'Bala Mohammed','Mohammed Bello Adoke'
,0
'Bala Mohammed','Mohammed Musa Sada'
,0
'Bala Mohammed','Ngozi Okonjo-Iweala'
,0
'Bala Mohammed','Olajumoke Akinjide'
,0
'Bala Mohammed','Olugbenga Ashiru'
,0
'Bala Mohammed','Olusegun O. Aganga'
,0
'Bala Mohammed','Olusegun Okunnu'
,0
'Bala Mohammed','Onyebuchi Chukwu'
,0
'Bala Mohammed','Peter S. Nmadu'
,0
'Bala Mohammed','Ruqayyatu Rufai'
,0
'Bala Mohammed','Samuel Ioraer Ortom'
,0
'Bala Mohammed','Shamsudeen Usman'
,0
'Bala Mohammed','Stella Oduah-Ogiemwonyi'
,0
'Bala Mohammed','Steven Oronsaye'
,0
'Bala Mohammed','Viola Onwuliri'
,0
'Bala Mohammed','Yerima Lawal Ngama'
,0
'Bala Mohammed','Yusuf Sulaiman'
,0
'Bala Mohammed','Zainab Ibrahim Kuchi'
,0
'Bala Mohammed','Zainab Maina'
,0
'Bart Nnaji','Bashir Yugudu'
,0
'Bart Nnaji','Bello H. Mohammed'
,0
'Bart Nnaji','Bernard O.N. Otti'
,0
'Bart Nnaji','Bolaji Abdullahi'
,0
'Bart Nnaji','Bukar Tijani'
,0
'Bart Nnaji','Caleb Olubolade'
,0
'Bart Nnaji','Comrade Abba Moro'
,0
'Bart Nnaji','Daniel Wadzani'
,0
'Bart Nnaji','Danladi Kifasi'
,0
'Bart Nnaji','David Ige'
,0
'Bart Nnaji','Diezani Alison-Madueke'
,1
'Bart Nnaji','Eddy Ejikam'
,0
'Bart Nnaji','Emeka Wogu'
,0
'Bart Nnaji','Erelu Olusola Obada'
,0
'Bart Nnaji','Godsday Orubebe'
,0
'Bart Nnaji','Goodluck Jonathan'
,2
'Bart Nnaji','Idris A.Umar'
,0
'Bart Nnaji','Ita Okon Bassey Ewa'
,0
'Bart Nnaji','Labaran Maku'
,0
'Bart Nnaji','Levi Ajuonuma'
,0
'Bart Nnaji','Mike Onolememen'
,0
'Bart Nnaji','M.O Bajomo'
,0
'Bart Nnaji','Mohammed Bello Adoke'
,0
'Bart Nnaji','Mohammed Musa Sada'
,0
'Bart Nnaji','Ngozi Okonjo-Iweala'
,0
'Bart Nnaji','Olajumoke Akinjide'
,0
'Bart Nnaji','Olugbenga Ashiru'
,0
'Bart Nnaji','Olusegun O. Aganga'
,0
'Bart Nnaji','Olusegun Okunnu'
,0
'Bart Nnaji','Onyebuchi Chukwu'
,0
'Bart Nnaji','Peter S. Nmadu'
,0
'Bart Nnaji','Ruqayyatu Rufai'
,0
'Bart Nnaji','Samuel Ioraer Ortom'
,0
'Bart Nnaji','Shamsudeen Usman'
,0
'Bart Nnaji','Stella Oduah-Ogiemwonyi'
,0
'Bart Nnaji','Steven Oronsaye'
,0
'Bart Nnaji','Viola Onwuliri'
,0
'Bart Nnaji','Yerima Lawal Ngama'
,0
'Bart Nnaji','Yusuf Sulaiman'
,0
'Bart Nnaji','Zainab Ibrahim Kuchi'
,0
'Bart Nnaji','Zainab Maina'
,0
'Bashir Yugudu','Bello H. Mohammed'
,0
'Bashir Yugudu','Bernard O.N. Otti'
,0
'Bashir Yugudu','Bolaji Abdullahi'
,0
'Bashir Yugudu','Bukar Tijani'
,0
'Bashir Yugudu','Caleb Olubolade'
,0
'Bashir Yugudu','Comrade Abba Moro'
,0
'Bashir Yugudu','Daniel Wadzani'
,0
'Bashir Yugudu','Danladi Kifasi'
,0
'Bashir Yugudu','David Ige'
,0
'Bashir Yugudu','Diezani Alison-Madueke'
,0
'Bashir Yugudu','Eddy Ejikam'
,0
'Bashir Yugudu','Emeka Wogu'
,0
'Bashir Yugudu','Erelu Olusola Obada'
,0
'Bashir Yugudu','Godsday Orubebe'
,0
'Bashir Yugudu','Goodluck Jonathan'
,0
'Bashir Yugudu','Idris A.Umar'
,0
'Bashir Yugudu','Ita Okon Bassey Ewa'
,0
'Bashir Yugudu','Labaran Maku'
,0
'Bashir Yugudu','Levi Ajuonuma'
,0
'Bashir Yugudu','Mike Onolememen'
,0
'Bashir Yugudu','M.O Bajomo'
,0
'Bashir Yugudu','Mohammed Bello Adoke'
,0
'Bashir Yugudu','Mohammed Musa Sada'
,0
'Bashir Yugudu','Ngozi Okonjo-Iweala'
,0
'Bashir Yugudu','Olajumoke Akinjide'
,0
'Bashir Yugudu','Olugbenga Ashiru'
,0
'Bashir Yugudu','Olusegun O. Aganga'
,0
'Bashir Yugudu','Olusegun Okunnu'
,0
'Bashir Yugudu','Onyebuchi Chukwu'
,0
'Bashir Yugudu','Peter S. Nmadu'
,0
'Bashir Yugudu','Ruqayyatu Rufai'
,0
'Bashir Yugudu','Samuel Ioraer Ortom'
,0
'Bashir Yugudu','Shamsudeen Usman'
,0
'Bashir Yugudu','Stella Oduah-Ogiemwonyi'
,0
'Bashir Yugudu','Steven Oronsaye'
,0
'Bashir Yugudu','Viola Onwuliri'
,0
'Bashir Yugudu','Yerima Lawal Ngama'
,0
'Bashir Yugudu','Yusuf Sulaiman'
,0
'Bashir Yugudu','Zainab Ibrahim Kuchi'
,0
'Bashir Yugudu','Zainab Maina'
,0
'Bello H. Mohammed','Bernard O.N. Otti'
,0
'Bello H. Mohammed','Bolaji Abdullahi'
,0
'Bello H. Mohammed','Bukar Tijani'
,0
'Bello H. Mohammed','Caleb Olubolade'
,0
'Bello H. Mohammed','Comrade Abba Moro'
,0
'Bello H. Mohammed','Daniel Wadzani'
,0
'Bello H. Mohammed','Danladi Kifasi'
,0
'Bello H. Mohammed','David Ige'
,0
'Bello H. Mohammed','Diezani Alison-Madueke'
,0
'Bello H. Mohammed','Eddy Ejikam'
,0
'Bello H. Mohammed','Emeka Wogu'
,1
'Bello H. Mohammed','Erelu Olusola Obada'
,1
'Bello H. Mohammed','Godsday Orubebe'
,0
'Bello H. Mohammed','Goodluck Jonathan'
,2
'Bello H. Mohammed','Idris A.Umar'
,0
'Bello H. Mohammed','Ita Okon Bassey Ewa'
,0
'Bello H. Mohammed','Labaran Maku'
,0
'Bello H. Mohammed','Levi Ajuonuma'
,0
'Bello H. Mohammed','Mike Onolememen'
,0
'Bello H. Mohammed','M.O Bajomo'
,0
'Bello H. Mohammed','Mohammed Bello Adoke'
,0
'Bello H. Mohammed','Mohammed Musa Sada'
,0
'Bello H. Mohammed','Ngozi Okonjo-Iweala'
,0
'Bello H. Mohammed','Olajumoke Akinjide'
,0
'Bello H. Mohammed','Olugbenga Ashiru'
,0
'Bello H. Mohammed','Olusegun O. Aganga'
,0
'Bello H. Mohammed','Olusegun Okunnu'
,0
'Bello H. Mohammed','Onyebuchi Chukwu'
,0
'Bello H. Mohammed','Peter S. Nmadu'
,0
'Bello H. Mohammed','Ruqayyatu Rufai'
,0
'Bello H. Mohammed','Samuel Ioraer Ortom'
,0
'Bello H. Mohammed','Shamsudeen Usman'
,0
'Bello H. Mohammed','Stella Oduah-Ogiemwonyi'
,0
'Bello H. Mohammed','Steven Oronsaye'
,0
'Bello H. Mohammed','Viola Onwuliri'
,0
'Bello H. Mohammed','Yerima Lawal Ngama'
,0
'Bello H. Mohammed','Yusuf Sulaiman'
,0
'Bello H. Mohammed','Zainab Ibrahim Kuchi'
,0
'Bello H. Mohammed','Zainab Maina'
,0
'Bernard O.N. Otti','Bolaji Abdullahi'
,0
'Bernard O.N. Otti','Bukar Tijani'
,0
'Bernard O.N. Otti','Caleb Olubolade'
,0
'Bernard O.N. Otti','Comrade Abba Moro'
,0
'Bernard O.N. Otti','Daniel Wadzani'
,0
'Bernard O.N. Otti','Danladi Kifasi'
,0
'Bernard O.N. Otti','David Ige'
,0
'Bernard O.N. Otti','Diezani Alison-Madueke'
,0
'Bernard O.N. Otti','Eddy Ejikam'
,0
'Bernard O.N. Otti','Emeka Wogu'
,0
'Bernard O.N. Otti','Erelu Olusola Obada'
,0
'Bernard O.N. Otti','Godsday Orubebe'
,0
'Bernard O.N. Otti','Goodluck Jonathan'
,0
'Bernard O.N. Otti','Idris A.Umar'
,0
'Bernard O.N. Otti','Ita Okon Bassey Ewa'
,0
'Bernard O.N. Otti','Labaran Maku'
,0
'Bernard O.N. Otti','Levi Ajuonuma'
,0
'Bernard O.N. Otti','Mike Onolememen'
,0
'Bernard O.N. Otti','M.O Bajomo'
,0
'Bernard O.N. Otti','Mohammed Bello Adoke'
,0
'Bernard O.N. Otti','Mohammed Musa Sada'
,0
'Bernard O.N. Otti','Ngozi Okonjo-Iweala'
,0
'Bernard O.N. Otti','Olajumoke Akinjide'
,0
'Bernard O.N. Otti','Olugbenga Ashiru'
,0
'Bernard O.N. Otti','Olusegun O. Aganga'
,0
'Bernard O.N. Otti','Olusegun Okunnu'
,0
'Bernard O.N. Otti','Onyebuchi Chukwu'
,0
'Bernard O.N. Otti','Peter S. Nmadu'
,0
'Bernard O.N. Otti','Ruqayyatu Rufai'
,0
'Bernard O.N. Otti','Samuel Ioraer Ortom'
,0
'Bernard O.N. Otti','Shamsudeen Usman'
,0
'Bernard O.N. Otti','Stella Oduah-Ogiemwonyi'
,0
'Bernard O.N. Otti','Steven Oronsaye'
,0
'Bernard O.N. Otti','Viola Onwuliri'
,0
'Bernard O.N. Otti','Yerima Lawal Ngama'
,0
'Bernard O.N. Otti','Yusuf Sulaiman'
,0
'Bernard O.N. Otti','Zainab Ibrahim Kuchi'
,0
'Bernard O.N. Otti','Zainab Maina'
,0
'Bolaji Abdullahi','Bukar Tijani'
,0
'Bolaji Abdullahi','Caleb Olubolade'
,0
'Bolaji Abdullahi','Comrade Abba Moro'
,0
'Bolaji Abdullahi','Daniel Wadzani'
,0
'Bolaji Abdullahi','Danladi Kifasi'
,0
'Bolaji Abdullahi','David Ige'
,0
'Bolaji Abdullahi','Diezani Alison-Madueke'
,0
'Bolaji Abdullahi','Eddy Ejikam'
,0
'Bolaji Abdullahi','Emeka Wogu'
,0
'Bolaji Abdullahi','Erelu Olusola Obada'
,0
'Bolaji Abdullahi','Godsday Orubebe'
,0
'Bolaji Abdullahi','Goodluck Jonathan'
,2
'Bolaji Abdullahi','Idris A.Umar'
,0
'Bolaji Abdullahi','Ita Okon Bassey Ewa'
,0
'Bolaji Abdullahi','Labaran Maku'
,1
'Bolaji Abdullahi','Levi Ajuonuma'
,0
'Bolaji Abdullahi','Mike Onolememen'
,0
'Bolaji Abdullahi','M.O Bajomo'
,0
'Bolaji Abdullahi','Mohammed Bello Adoke'
,0
'Bolaji Abdullahi','Mohammed Musa Sada'
,0
'Bolaji Abdullahi','Ngozi Okonjo-Iweala'
,0
'Bolaji Abdullahi','Olajumoke Akinjide'
,0
'Bolaji Abdullahi','Olugbenga Ashiru'
,0
'Bolaji Abdullahi','Olusegun O. Aganga'
,1
'Bolaji Abdullahi','Olusegun Okunnu'
,0
'Bolaji Abdullahi','Onyebuchi Chukwu'
,0
'Bolaji Abdullahi','Peter S. Nmadu'
,0
'Bolaji Abdullahi','Ruqayyatu Rufai'
,0
'Bolaji Abdullahi','Samuel Ioraer Ortom'
,0
'Bolaji Abdullahi','Shamsudeen Usman'
,0
'Bolaji Abdullahi','Stella Oduah-Ogiemwonyi'
,0
'Bolaji Abdullahi','Steven Oronsaye'
,0
'Bolaji Abdullahi','Viola Onwuliri'
,0
'Bolaji Abdullahi','Yerima Lawal Ngama'
,0
'Bolaji Abdullahi','Yusuf Sulaiman'
,0
'Bolaji Abdullahi','Zainab Ibrahim Kuchi'
,0
'Bolaji Abdullahi','Zainab Maina'
,0
'Bukar Tijani','Caleb Olubolade'
,0
'Bukar Tijani','Comrade Abba Moro'
,0
'Bukar Tijani','Daniel Wadzani'
,0
'Bukar Tijani','Danladi Kifasi'
,0
'Bukar Tijani','David Ige'
,0
'Bukar Tijani','Diezani Alison-Madueke'
,0
'Bukar Tijani','Eddy Ejikam'
,0
'Bukar Tijani','Emeka Wogu'
,0
'Bukar Tijani','Erelu Olusola Obada'
,0
'Bukar Tijani','Godsday Orubebe'
,0
'Bukar Tijani','Goodluck Jonathan'
,0
'Bukar Tijani','Idris A.Umar'
,0
'Bukar Tijani','Ita Okon Bassey Ewa'
,0
'Bukar Tijani','Labaran Maku'
,0
'Bukar Tijani','Levi Ajuonuma'
,0
'Bukar Tijani','Mike Onolememen'
,0
'Bukar Tijani','M.O Bajomo'
,0
'Bukar Tijani','Mohammed Bello Adoke'
,0
'Bukar Tijani','Mohammed Musa Sada'
,0
'Bukar Tijani','Ngozi Okonjo-Iweala'
,0
'Bukar Tijani','Olajumoke Akinjide'
,0
'Bukar Tijani','Olugbenga Ashiru'
,0
'Bukar Tijani','Olusegun O. Aganga'
,0
'Bukar Tijani','Olusegun Okunnu'
,0
'Bukar Tijani','Onyebuchi Chukwu'
,0
'Bukar Tijani','Peter S. Nmadu'
,0
'Bukar Tijani','Ruqayyatu Rufai'
,0
'Bukar Tijani','Samuel Ioraer Ortom'
,0
'Bukar Tijani','Shamsudeen Usman'
,0
'Bukar Tijani','Stella Oduah-Ogiemwonyi'
,0
'Bukar Tijani','Steven Oronsaye'
,0
'Bukar Tijani','Viola Onwuliri'
,0
'Bukar Tijani','Yerima Lawal Ngama'
,0
'Bukar Tijani','Yusuf Sulaiman'
,0
'Bukar Tijani','Zainab Ibrahim Kuchi'
,0
'Bukar Tijani','Zainab Maina'
,0
'Caleb Olubolade','Comrade Abba Moro'
,0
'Caleb Olubolade','Daniel Wadzani'
,0
'Caleb Olubolade','Danladi Kifasi'
,0
'Caleb Olubolade','David Ige'
,0
'Caleb Olubolade','Diezani Alison-Madueke'
,0
'Caleb Olubolade','Eddy Ejikam'
,0
'Caleb Olubolade','Emeka Wogu'
,0
'Caleb Olubolade','Erelu Olusola Obada'
,0
'Caleb Olubolade','Godsday Orubebe'
,0
'Caleb Olubolade','Goodluck Jonathan'
,2
'Caleb Olubolade','Idris A.Umar'
,0
'Caleb Olubolade','Ita Okon Bassey Ewa'
,0
'Caleb Olubolade','Labaran Maku'
,1
'Caleb Olubolade','Levi Ajuonuma'
,0
'Caleb Olubolade','Mike Onolememen'
,0
'Caleb Olubolade','M.O Bajomo'
,0
'Caleb Olubolade','Mohammed Bello Adoke'
,0
'Caleb Olubolade','Mohammed Musa Sada'
,0
'Caleb Olubolade','Ngozi Okonjo-Iweala'
,0
'Caleb Olubolade','Olajumoke Akinjide'
,1
'Caleb Olubolade','Olugbenga Ashiru'
,1
'Caleb Olubolade','Olusegun O. Aganga'
,0
'Caleb Olubolade','Olusegun Okunnu'
,0
'Caleb Olubolade','Onyebuchi Chukwu'
,0
'Caleb Olubolade','Peter S. Nmadu'
,0
'Caleb Olubolade','Ruqayyatu Rufai'
,0
'Caleb Olubolade','Samuel Ioraer Ortom'
,0
'Caleb Olubolade','Shamsudeen Usman'
,0
'Caleb Olubolade','Stella Oduah-Ogiemwonyi'
,1
'Caleb Olubolade','Steven Oronsaye'
,0
'Caleb Olubolade','Viola Onwuliri'
,0
'Caleb Olubolade','Yerima Lawal Ngama'
,0
'Caleb Olubolade','Yusuf Sulaiman'
,0
'Caleb Olubolade','Zainab Ibrahim Kuchi'
,0
'Caleb Olubolade','Zainab Maina'
,0
'Comrade Abba Moro','Daniel Wadzani'
,0
'Comrade Abba Moro','Danladi Kifasi'
,0
'Comrade Abba Moro','David Ige'
,0
'Comrade Abba Moro','Diezani Alison-Madueke'
,0
'Comrade Abba Moro','Eddy Ejikam'
,0
'Comrade Abba Moro','Emeka Wogu'
,0
'Comrade Abba Moro','Erelu Olusola Obada'
,0
'Comrade Abba Moro','Godsday Orubebe'
,0
'Comrade Abba Moro','Goodluck Jonathan'
,0
'Comrade Abba Moro','Idris A.Umar'
,0
'Comrade Abba Moro','Ita Okon Bassey Ewa'
,0
'Comrade Abba Moro','Labaran Maku'
,0
'Comrade Abba Moro','Levi Ajuonuma'
,0
'Comrade Abba Moro','Mike Onolememen'
,0
'Comrade Abba Moro','M.O Bajomo'
,0
'Comrade Abba Moro','Mohammed Bello Adoke'
,0
'Comrade Abba Moro','Mohammed Musa Sada'
,0
'Comrade Abba Moro','Ngozi Okonjo-Iweala'
,0
'Comrade Abba Moro','Olajumoke Akinjide'
,0
'Comrade Abba Moro','Olugbenga Ashiru'
,0
'Comrade Abba Moro','Olusegun O. Aganga'
,0
'Comrade Abba Moro','Olusegun Okunnu'
,0
'Comrade Abba Moro','Onyebuchi Chukwu'
,0
'Comrade Abba Moro','Peter S. Nmadu'
,0
'Comrade Abba Moro','Ruqayyatu Rufai'
,0
'Comrade Abba Moro','Samuel Ioraer Ortom'
,0
'Comrade Abba Moro','Shamsudeen Usman'
,0
'Comrade Abba Moro','Stella Oduah-Ogiemwonyi'
,0
'Comrade Abba Moro','Steven Oronsaye'
,0
'Comrade Abba Moro','Viola Onwuliri'
,0
'Comrade Abba Moro','Yerima Lawal Ngama'
,0
'Comrade Abba Moro','Yusuf Sulaiman'
,0
'Comrade Abba Moro','Zainab Ibrahim Kuchi'
,0
'Comrade Abba Moro','Zainab Maina'
,0
'Daniel Wadzani','Danladi Kifasi'
,0
'Daniel Wadzani','David Ige'
,0
'Daniel Wadzani','Diezani Alison-Madueke'
,0
'Daniel Wadzani','Eddy Ejikam'
,0
'Daniel Wadzani','Emeka Wogu'
,0
'Daniel Wadzani','Erelu Olusola Obada'
,0
'Daniel Wadzani','Godsday Orubebe'
,0
'Daniel Wadzani','Goodluck Jonathan'
,0
'Daniel Wadzani','Idris A.Umar'
,0
'Daniel Wadzani','Ita Okon Bassey Ewa'
,0
'Daniel Wadzani','Labaran Maku'
,0
'Daniel Wadzani','Levi Ajuonuma'
,0
'Daniel Wadzani','Mike Onolememen'
,0
'Daniel Wadzani','M.O Bajomo'
,0
'Daniel Wadzani','Mohammed Bello Adoke'
,0
'Daniel Wadzani','Mohammed Musa Sada'
,0
'Daniel Wadzani','Ngozi Okonjo-Iweala'
,0
'Daniel Wadzani','Olajumoke Akinjide'
,0
'Daniel Wadzani','Olugbenga Ashiru'
,0
'Daniel Wadzani','Olusegun O. Aganga'
,0
'Daniel Wadzani','Olusegun Okunnu'
,0
'Daniel Wadzani','Onyebuchi Chukwu'
,0
'Daniel Wadzani','Peter S. Nmadu'
,0
'Daniel Wadzani','Ruqayyatu Rufai'
,0
'Daniel Wadzani','Samuel Ioraer Ortom'
,0
'Daniel Wadzani','Shamsudeen Usman'
,0
'Daniel Wadzani','Stella Oduah-Ogiemwonyi'
,0
'Daniel Wadzani','Steven Oronsaye'
,0
'Daniel Wadzani','Viola Onwuliri'
,0
'Daniel Wadzani','Yerima Lawal Ngama'
,0
'Daniel Wadzani','Yusuf Sulaiman'
,0
'Daniel Wadzani','Zainab Ibrahim Kuchi'
,0
'Daniel Wadzani','Zainab Maina'
,0
'Danladi Kifasi','David Ige'
,0
'Danladi Kifasi','Diezani Alison-Madueke'
,0
'Danladi Kifasi','Eddy Ejikam'
,0
'Danladi Kifasi','Emeka Wogu'
,0
'Danladi Kifasi','Erelu Olusola Obada'
,0
'Danladi Kifasi','Godsday Orubebe'
,0
'Danladi Kifasi','Goodluck Jonathan'
,0
'Danladi Kifasi','Idris A.Umar'
,0
'Danladi Kifasi','Ita Okon Bassey Ewa'
,0
'Danladi Kifasi','Labaran Maku'
,0
'Danladi Kifasi','Levi Ajuonuma'
,0
'Danladi Kifasi','Mike Onolememen'
,0
'Danladi Kifasi','M.O Bajomo'
,0
'Danladi Kifasi','Mohammed Bello Adoke'
,0
'Danladi Kifasi','Mohammed Musa Sada'
,0
'Danladi Kifasi','Ngozi Okonjo-Iweala'
,0
'Danladi Kifasi','Olajumoke Akinjide'
,0
'Danladi Kifasi','Olugbenga Ashiru'
,0
'Danladi Kifasi','Olusegun O. Aganga'
,0
'Danladi Kifasi','Olusegun Okunnu'
,0
'Danladi Kifasi','Onyebuchi Chukwu'
,0
'Danladi Kifasi','Peter S. Nmadu'
,0
'Danladi Kifasi','Ruqayyatu Rufai'
,0
'Danladi Kifasi','Samuel Ioraer Ortom'
,0
'Danladi Kifasi','Shamsudeen Usman'
,0
'Danladi Kifasi','Stella Oduah-Ogiemwonyi'
,0
'Danladi Kifasi','Steven Oronsaye'
,0
'Danladi Kifasi','Viola Onwuliri'
,0
'Danladi Kifasi','Yerima Lawal Ngama'
,0
'Danladi Kifasi','Yusuf Sulaiman'
,0
'Danladi Kifasi','Zainab Ibrahim Kuchi'
,0
'Danladi Kifasi','Zainab Maina'
,0
'David Ige','Diezani Alison-Madueke'
,0
'David Ige','Eddy Ejikam'
,0
'David Ige','Emeka Wogu'
,0
'David Ige','Erelu Olusola Obada'
,0
'David Ige','Godsday Orubebe'
,0
'David Ige','Goodluck Jonathan'
,0
'David Ige','Idris A.Umar'
,0
'David Ige','Ita Okon Bassey Ewa'
,0
'David Ige','Labaran Maku'
,0
'David Ige','Levi Ajuonuma'
,0
'David Ige','Mike Onolememen'
,0
'David Ige','M.O Bajomo'
,0
'David Ige','Mohammed Bello Adoke'
,0
'David Ige','Mohammed Musa Sada'
,0
'David Ige','Ngozi Okonjo-Iweala'
,0
'David Ige','Olajumoke Akinjide'
,0
'David Ige','Olugbenga Ashiru'
,0
'David Ige','Olusegun O. Aganga'
,0
'David Ige','Olusegun Okunnu'
,0
'David Ige','Onyebuchi Chukwu'
,0
'David Ige','Peter S. Nmadu'
,0
'David Ige','Ruqayyatu Rufai'
,0
'David Ige','Samuel Ioraer Ortom'
,0
'David Ige','Shamsudeen Usman'
,0
'David Ige','Stella Oduah-Ogiemwonyi'
,0
'David Ige','Steven Oronsaye'
,0
'David Ige','Viola Onwuliri'
,0
'David Ige','Yerima Lawal Ngama'
,0
'David Ige','Yusuf Sulaiman'
,0
'David Ige','Zainab Ibrahim Kuchi'
,0
'David Ige','Zainab Maina'
,0
'Diezani Alison-Madueke','Eddy Ejikam'
,0
'Diezani Alison-Madueke','Emeka Wogu'
,1
'Diezani Alison-Madueke','Erelu Olusola Obada'
,0
'Diezani Alison-Madueke','Godsday Orubebe'
,2
'Diezani Alison-Madueke','Goodluck Jonathan'
,4
'Diezani Alison-Madueke','Idris A.Umar'
,0
'Diezani Alison-Madueke','Ita Okon Bassey Ewa'
,0
'Diezani Alison-Madueke','Labaran Maku'
,0
'Diezani Alison-Madueke','Levi Ajuonuma'
,0
'Diezani Alison-Madueke','Mike Onolememen'
,0
'Diezani Alison-Madueke','M.O Bajomo'
,0
'Diezani Alison-Madueke','Mohammed Bello Adoke'
,0
'Diezani Alison-Madueke','Mohammed Musa Sada'
,0
'Diezani Alison-Madueke','Ngozi Okonjo-Iweala'
,1
'Diezani Alison-Madueke','Olajumoke Akinjide'
,1
'Diezani Alison-Madueke','Olugbenga Ashiru'
,0
'Diezani Alison-Madueke','Olusegun O. Aganga'
,1
'Diezani Alison-Madueke','Olusegun Okunnu'
,0
'Diezani Alison-Madueke','Onyebuchi Chukwu'
,0
'Diezani Alison-Madueke','Peter S. Nmadu'
,0
'Diezani Alison-Madueke','Ruqayyatu Rufai'
,0
'Diezani Alison-Madueke','Samuel Ioraer Ortom'
,0
'Diezani Alison-Madueke','Shamsudeen Usman'
,1
'Diezani Alison-Madueke','Stella Oduah-Ogiemwonyi'
,1
'Diezani Alison-Madueke','Steven Oronsaye'
,0
'Diezani Alison-Madueke','Viola Onwuliri'
,1
'Diezani Alison-Madueke','Yerima Lawal Ngama'
,0
'Diezani Alison-Madueke','Yusuf Sulaiman'
,0
'Diezani Alison-Madueke','Zainab Ibrahim Kuchi'
,1
'Diezani Alison-Madueke','Zainab Maina'
,1
'Eddy Ejikam','Emeka Wogu'
,0
'Eddy Ejikam','Erelu Olusola Obada'
,0
'Eddy Ejikam','Godsday Orubebe'
,0
'Eddy Ejikam','Goodluck Jonathan'
,0
'Eddy Ejikam','Idris A.Umar'
,0
'Eddy Ejikam','Ita Okon Bassey Ewa'
,0
'Eddy Ejikam','Labaran Maku'
,0
'Eddy Ejikam','Levi Ajuonuma'
,0
'Eddy Ejikam','Mike Onolememen'
,0
'Eddy Ejikam','M.O Bajomo'
,0
'Eddy Ejikam','Mohammed Bello Adoke'
,0
'Eddy Ejikam','Mohammed Musa Sada'
,0
'Eddy Ejikam','Ngozi Okonjo-Iweala'
,0
'Eddy Ejikam','Olajumoke Akinjide'
,0
'Eddy Ejikam','Olugbenga Ashiru'
,0
'Eddy Ejikam','Olusegun O. Aganga'
,0
'Eddy Ejikam','Olusegun Okunnu'
,0
'Eddy Ejikam','Onyebuchi Chukwu'
,0
'Eddy Ejikam','Peter S. Nmadu'
,0
'Eddy Ejikam','Ruqayyatu Rufai'
,0
'Eddy Ejikam','Samuel Ioraer Ortom'
,0
'Eddy Ejikam','Shamsudeen Usman'
,0
'Eddy Ejikam','Stella Oduah-Ogiemwonyi'
,0
'Eddy Ejikam','Steven Oronsaye'
,0
'Eddy Ejikam','Viola Onwuliri'
,0
'Eddy Ejikam','Yerima Lawal Ngama'
,0
'Eddy Ejikam','Yusuf Sulaiman'
,0
'Eddy Ejikam','Zainab Ibrahim Kuchi'
,0
'Eddy Ejikam','Zainab Maina'
,0
'Emeka Wogu','Erelu Olusola Obada'
,1
'Emeka Wogu','Godsday Orubebe'
,1
'Emeka Wogu','Goodluck Jonathan'
,4
'Emeka Wogu','Idris A.Umar'
,0
'Emeka Wogu','Ita Okon Bassey Ewa'
,0
'Emeka Wogu','Labaran Maku'
,0
'Emeka Wogu','Levi Ajuonuma'
,0
'Emeka Wogu','Mike Onolememen'
,0
'Emeka Wogu','M.O Bajomo'
,0
'Emeka Wogu','Mohammed Bello Adoke'
,0
'Emeka Wogu','Mohammed Musa Sada'
,0
'Emeka Wogu','Ngozi Okonjo-Iweala'
,0
'Emeka Wogu','Olajumoke Akinjide'
,0
'Emeka Wogu','Olugbenga Ashiru'
,0
'Emeka Wogu','Olusegun O. Aganga'
,1
'Emeka Wogu','Olusegun Okunnu'
,0
'Emeka Wogu','Onyebuchi Chukwu'
,0
'Emeka Wogu','Peter S. Nmadu'
,0
'Emeka Wogu','Ruqayyatu Rufai'
,0
'Emeka Wogu','Samuel Ioraer Ortom'
,0
'Emeka Wogu','Shamsudeen Usman'
,1
'Emeka Wogu','Stella Oduah-Ogiemwonyi'
,0
'Emeka Wogu','Steven Oronsaye'
,0
'Emeka Wogu','Viola Onwuliri'
,0
'Emeka Wogu','Yerima Lawal Ngama'
,0
'Emeka Wogu','Yusuf Sulaiman'
,0
'Emeka Wogu','Zainab Ibrahim Kuchi'
,0
'Emeka Wogu','Zainab Maina'
,0
'Erelu Olusola Obada','Godsday Orubebe'
,0
'Erelu Olusola Obada','Goodluck Jonathan'
,1
'Erelu Olusola Obada','Idris A.Umar'
,0
'Erelu Olusola Obada','Ita Okon Bassey Ewa'
,0
'Erelu Olusola Obada','Labaran Maku'
,0
'Erelu Olusola Obada','Levi Ajuonuma'
,0
'Erelu Olusola Obada','Mike Onolememen'
,0
'Erelu Olusola Obada','M.O Bajomo'
,0
'Erelu Olusola Obada','Mohammed Bello Adoke'
,0
'Erelu Olusola Obada','Mohammed Musa Sada'
,0
'Erelu Olusola Obada','Ngozi Okonjo-Iweala'
,0
'Erelu Olusola Obada','Olajumoke Akinjide'
,0
'Erelu Olusola Obada','Olugbenga Ashiru'
,0
'Erelu Olusola Obada','Olusegun O. Aganga'
,0
'Erelu Olusola Obada','Olusegun Okunnu'
,0
'Erelu Olusola Obada','Onyebuchi Chukwu'
,0
'Erelu Olusola Obada','Peter S. Nmadu'
,0
'Erelu Olusola Obada','Ruqayyatu Rufai'
,0
'Erelu Olusola Obada','Samuel Ioraer Ortom'
,0
'Erelu Olusola Obada','Shamsudeen Usman'
,0
'Erelu Olusola Obada','Stella Oduah-Ogiemwonyi'
,0
'Erelu Olusola Obada','Steven Oronsaye'
,0
'Erelu Olusola Obada','Viola Onwuliri'
,0
'Erelu Olusola Obada','Yerima Lawal Ngama'
,0
'Erelu Olusola Obada','Yusuf Sulaiman'
,0
'Erelu Olusola Obada','Zainab Ibrahim Kuchi'
,0
'Erelu Olusola Obada','Zainab Maina'
,0
'Godsday Orubebe','Goodluck Jonathan'
,2
'Godsday Orubebe','Idris A.Umar'
,0
'Godsday Orubebe','Ita Okon Bassey Ewa'
,0
'Godsday Orubebe','Labaran Maku'
,0
'Godsday Orubebe','Levi Ajuonuma'
,0
'Godsday Orubebe','Mike Onolememen'
,0
'Godsday Orubebe','M.O Bajomo'
,0
'Godsday Orubebe','Mohammed Bello Adoke'
,0
'Godsday Orubebe','Mohammed Musa Sada'
,0
'Godsday Orubebe','Ngozi Okonjo-Iweala'
,0
'Godsday Orubebe','Olajumoke Akinjide'
,0
'Godsday Orubebe','Olugbenga Ashiru'
,0
'Godsday Orubebe','Olusegun O. Aganga'
,1
'Godsday Orubebe','Olusegun Okunnu'
,0
'Godsday Orubebe','Onyebuchi Chukwu'
,0
'Godsday Orubebe','Peter S. Nmadu'
,0
'Godsday Orubebe','Ruqayyatu Rufai'
,0
'Godsday Orubebe','Samuel Ioraer Ortom'
,0
'Godsday Orubebe','Shamsudeen Usman'
,1
'Godsday Orubebe','Stella Oduah-Ogiemwonyi'
,0
'Godsday Orubebe','Steven Oronsaye'
,0
'Godsday Orubebe','Viola Onwuliri'
,0
'Godsday Orubebe','Yerima Lawal Ngama'
,0
'Godsday Orubebe','Yusuf Sulaiman'
,0
'Godsday Orubebe','Zainab Ibrahim Kuchi'
,0
'Godsday Orubebe','Zainab Maina'
,0
'Goodluck Jonathan','Idris A.Umar'
,1
'Goodluck Jonathan','Ita Okon Bassey Ewa'
,0
'Goodluck Jonathan','Labaran Maku'
,5
'Goodluck Jonathan','Levi Ajuonuma'
,0
'Goodluck Jonathan','Mike Onolememen'
,0
'Goodluck Jonathan','M.O Bajomo'
,0
'Goodluck Jonathan','Mohammed Bello Adoke'
,0
'Goodluck Jonathan','Mohammed Musa Sada'
,0
'Goodluck Jonathan','Ngozi Okonjo-Iweala'
,7
'Goodluck Jonathan','Olajumoke Akinjide'
,2
'Goodluck Jonathan','Olugbenga Ashiru'
,2
'Goodluck Jonathan','Olusegun O. Aganga'
,5
'Goodluck Jonathan','Olusegun Okunnu'
,0
'Goodluck Jonathan','Onyebuchi Chukwu'
,0
'Goodluck Jonathan','Peter S. Nmadu'
,0
'Goodluck Jonathan','Ruqayyatu Rufai'
,0
'Goodluck Jonathan','Samuel Ioraer Ortom'
,0
'Goodluck Jonathan','Shamsudeen Usman'
,2
'Goodluck Jonathan','Stella Oduah-Ogiemwonyi'
,2
'Goodluck Jonathan','Steven Oronsaye'
,0
'Goodluck Jonathan','Viola Onwuliri'
,1
'Goodluck Jonathan','Yerima Lawal Ngama'
,0
'Goodluck Jonathan','Yusuf Sulaiman'
,0
'Goodluck Jonathan','Zainab Ibrahim Kuchi'
,1
'Goodluck Jonathan','Zainab Maina'
,1
'Idris A.Umar','Ita Okon Bassey Ewa'
,0
'Idris A.Umar','Labaran Maku'
,0
'Idris A.Umar','Levi Ajuonuma'
,0
'Idris A.Umar','Mike Onolememen'
,0
'Idris A.Umar','M.O Bajomo'
,0
'Idris A.Umar','Mohammed Bello Adoke'
,0
'Idris A.Umar','Mohammed Musa Sada'
,0
'Idris A.Umar','Ngozi Okonjo-Iweala'
,0
'Idris A.Umar','Olajumoke Akinjide'
,0
'Idris A.Umar','Olugbenga Ashiru'
,0
'Idris A.Umar','Olusegun O. Aganga'
,0
'Idris A.Umar','Olusegun Okunnu'
,0
'Idris A.Umar','Onyebuchi Chukwu'
,0
'Idris A.Umar','Peter S. Nmadu'
,0
'Idris A.Umar','Ruqayyatu Rufai'
,0
'Idris A.Umar','Samuel Ioraer Ortom'
,0
'Idris A.Umar','Shamsudeen Usman'
,0
'Idris A.Umar','Stella Oduah-Ogiemwonyi'
,0
'Idris A.Umar','Steven Oronsaye'
,0
'Idris A.Umar','Viola Onwuliri'
,0
'Idris A.Umar','Yerima Lawal Ngama'
,0
'Idris A.Umar','Yusuf Sulaiman'
,0
'Idris A.Umar','Zainab Ibrahim Kuchi'
,0
'Idris A.Umar','Zainab Maina'
,0
'Ita Okon Bassey Ewa','Labaran Maku'
,0
'Ita Okon Bassey Ewa','Levi Ajuonuma'
,0
'Ita Okon Bassey Ewa','Mike Onolememen'
,0
'Ita Okon Bassey Ewa','M.O Bajomo'
,0
'Ita Okon Bassey Ewa','Mohammed Bello Adoke'
,0
'Ita Okon Bassey Ewa','Mohammed Musa Sada'
,0
'Ita Okon Bassey Ewa','Ngozi Okonjo-Iweala'
,0
'Ita Okon Bassey Ewa','Olajumoke Akinjide'
,0
'Ita Okon Bassey Ewa','Olugbenga Ashiru'
,0
'Ita Okon Bassey Ewa','Olusegun O. Aganga'
,0
'Ita Okon Bassey Ewa','Olusegun Okunnu'
,0
'Ita Okon Bassey Ewa','Onyebuchi Chukwu'
,0
'Ita Okon Bassey Ewa','Peter S. Nmadu'
,0
'Ita Okon Bassey Ewa','Ruqayyatu Rufai'
,0
'Ita Okon Bassey Ewa','Samuel Ioraer Ortom'
,0
'Ita Okon Bassey Ewa','Shamsudeen Usman'
,0
'Ita Okon Bassey Ewa','Stella Oduah-Ogiemwonyi'
,0
'Ita Okon Bassey Ewa','Steven Oronsaye'
,0
'Ita Okon Bassey Ewa','Viola Onwuliri'
,0
'Ita Okon Bassey Ewa','Yerima Lawal Ngama'
,0
'Ita Okon Bassey Ewa','Yusuf Sulaiman'
,0
'Ita Okon Bassey Ewa','Zainab Ibrahim Kuchi'
,0
'Ita Okon Bassey Ewa','Zainab Maina'
,0
'Labaran Maku','Levi Ajuonuma'
,0
'Labaran Maku','Mike Onolememen'
,0
'Labaran Maku','M.O Bajomo'
,0
'Labaran Maku','Mohammed Bello Adoke'
,0
'Labaran Maku','Mohammed Musa Sada'
,0
'Labaran Maku','Ngozi Okonjo-Iweala'
,0
'Labaran Maku','Olajumoke Akinjide'
,0
'Labaran Maku','Olugbenga Ashiru'
,0
'Labaran Maku','Olusegun O. Aganga'
,0
'Labaran Maku','Olusegun Okunnu'
,0
'Labaran Maku','Onyebuchi Chukwu'
,0
'Labaran Maku','Peter S. Nmadu'
,0
'Labaran Maku','Ruqayyatu Rufai'
,0
'Labaran Maku','Samuel Ioraer Ortom'
,0
'Labaran Maku','Shamsudeen Usman'
,0
'Labaran Maku','Stella Oduah-Ogiemwonyi'
,1
'Labaran Maku','Steven Oronsaye'
,0
'Labaran Maku','Viola Onwuliri'
,0
'Labaran Maku','Yerima Lawal Ngama'
,0
'Labaran Maku','Yusuf Sulaiman'
,0
'Labaran Maku','Zainab Ibrahim Kuchi'
,0
'Labaran Maku','Zainab Maina'
,0
'Levi Ajuonuma','Mike Onolememen'
,0
'Levi Ajuonuma','M.O Bajomo'
,0
'Levi Ajuonuma','Mohammed Bello Adoke'
,0
'Levi Ajuonuma','Mohammed Musa Sada'
,0
'Levi Ajuonuma','Ngozi Okonjo-Iweala'
,0
'Levi Ajuonuma','Olajumoke Akinjide'
,0
'Levi Ajuonuma','Olugbenga Ashiru'
,0
'Levi Ajuonuma','Olusegun O. Aganga'
,0
'Levi Ajuonuma','Olusegun Okunnu'
,0
'Levi Ajuonuma','Onyebuchi Chukwu'
,0
'Levi Ajuonuma','Peter S. Nmadu'
,0
'Levi Ajuonuma','Ruqayyatu Rufai'
,0
'Levi Ajuonuma','Samuel Ioraer Ortom'
,0
'Levi Ajuonuma','Shamsudeen Usman'
,0
'Levi Ajuonuma','Stella Oduah-Ogiemwonyi'
,0
'Levi Ajuonuma','Steven Oronsaye'
,0
'Levi Ajuonuma','Viola Onwuliri'
,0
'Levi Ajuonuma','Yerima Lawal Ngama'
,0
'Levi Ajuonuma','Yusuf Sulaiman'
,0
'Levi Ajuonuma','Zainab Ibrahim Kuchi'
,0
'Levi Ajuonuma','Zainab Maina'
,0
'Mike Onolememen','M.O Bajomo'
,0
'Mike Onolememen','Mohammed Bello Adoke'
,0
'Mike Onolememen','Mohammed Musa Sada'
,0
'Mike Onolememen','Ngozi Okonjo-Iweala'
,0
'Mike Onolememen','Olajumoke Akinjide'
,0
'Mike Onolememen','Olugbenga Ashiru'
,0
'Mike Onolememen','Olusegun O. Aganga'
,0
'Mike Onolememen','Olusegun Okunnu'
,0
'Mike Onolememen','Onyebuchi Chukwu'
,0
'Mike Onolememen','Peter S. Nmadu'
,0
'Mike Onolememen','Ruqayyatu Rufai'
,0
'Mike Onolememen','Samuel Ioraer Ortom'
,0
'Mike Onolememen','Shamsudeen Usman'
,0
'Mike Onolememen','Stella Oduah-Ogiemwonyi'
,0
'Mike Onolememen','Steven Oronsaye'
,0
'Mike Onolememen','Viola Onwuliri'
,0
'Mike Onolememen','Yerima Lawal Ngama'
,0
'Mike Onolememen','Yusuf Sulaiman'
,0
'Mike Onolememen','Zainab Ibrahim Kuchi'
,0
'Mike Onolememen','Zainab Maina'
,0
'M.O Bajomo','Mohammed Bello Adoke'
,0
'M.O Bajomo','Mohammed Musa Sada'
,0
'M.O Bajomo','Ngozi Okonjo-Iweala'
,0
'M.O Bajomo','Olajumoke Akinjide'
,0
'M.O Bajomo','Olugbenga Ashiru'
,0
'M.O Bajomo','Olusegun O. Aganga'
,0
'M.O Bajomo','Olusegun Okunnu'
,0
'M.O Bajomo','Onyebuchi Chukwu'
,0
'M.O Bajomo','Peter S. Nmadu'
,0
'M.O Bajomo','Ruqayyatu Rufai'
,0
'M.O Bajomo','Samuel Ioraer Ortom'
,0
'M.O Bajomo','Shamsudeen Usman'
,0
'M.O Bajomo','Stella Oduah-Ogiemwonyi'
,0
'M.O Bajomo','Steven Oronsaye'
,0
'M.O Bajomo','Viola Onwuliri'
,0
'M.O Bajomo','Yerima Lawal Ngama'
,0
'M.O Bajomo','Yusuf Sulaiman'
,0
'M.O Bajomo','Zainab Ibrahim Kuchi'
,0
'M.O Bajomo','Zainab Maina'
,0
'Mohammed Bello Adoke','Mohammed Musa Sada'
,0
'Mohammed Bello Adoke','Ngozi Okonjo-Iweala'
,0
'Mohammed Bello Adoke','Olajumoke Akinjide'
,0
'Mohammed Bello Adoke','Olugbenga Ashiru'
,0
'Mohammed Bello Adoke','Olusegun O. Aganga'
,0
'Mohammed Bello Adoke','Olusegun Okunnu'
,0
'Mohammed Bello Adoke','Onyebuchi Chukwu'
,0
'Mohammed Bello Adoke','Peter S. Nmadu'
,0
'Mohammed Bello Adoke','Ruqayyatu Rufai'
,0
'Mohammed Bello Adoke','Samuel Ioraer Ortom'
,0
'Mohammed Bello Adoke','Shamsudeen Usman'
,0
'Mohammed Bello Adoke','Stella Oduah-Ogiemwonyi'
,0
'Mohammed Bello Adoke','Steven Oronsaye'
,0
'Mohammed Bello Adoke','Viola Onwuliri'
,0
'Mohammed Bello Adoke','Yerima Lawal Ngama'
,0
'Mohammed Bello Adoke','Yusuf Sulaiman'
,0
'Mohammed Bello Adoke','Zainab Ibrahim Kuchi'
,0
'Mohammed Bello Adoke','Zainab Maina'
,0
'Mohammed Musa Sada','Ngozi Okonjo-Iweala'
,0
'Mohammed Musa Sada','Olajumoke Akinjide'
,0
'Mohammed Musa Sada','Olugbenga Ashiru'
,0
'Mohammed Musa Sada','Olusegun O. Aganga'
,0
'Mohammed Musa Sada','Olusegun Okunnu'
,0
'Mohammed Musa Sada','Onyebuchi Chukwu'
,0
'Mohammed Musa Sada','Peter S. Nmadu'
,0
'Mohammed Musa Sada','Ruqayyatu Rufai'
,0
'Mohammed Musa Sada','Samuel Ioraer Ortom'
,0
'Mohammed Musa Sada','Shamsudeen Usman'
,0
'Mohammed Musa Sada','Stella Oduah-Ogiemwonyi'
,0
'Mohammed Musa Sada','Steven Oronsaye'
,0
'Mohammed Musa Sada','Viola Onwuliri'
,0
'Mohammed Musa Sada','Yerima Lawal Ngama'
,0
'Mohammed Musa Sada','Yusuf Sulaiman'
,0
'Mohammed Musa Sada','Zainab Ibrahim Kuchi'
,0
'Mohammed Musa Sada','Zainab Maina'
,0
'Ngozi Okonjo-Iweala','Olajumoke Akinjide'
,1
'Ngozi Okonjo-Iweala','Olugbenga Ashiru'
,0
'Ngozi Okonjo-Iweala','Olusegun O. Aganga'
,0
'Ngozi Okonjo-Iweala','Olusegun Okunnu'
,0
'Ngozi Okonjo-Iweala','Onyebuchi Chukwu'
,0
'Ngozi Okonjo-Iweala','Peter S. Nmadu'
,0
'Ngozi Okonjo-Iweala','Ruqayyatu Rufai'
,0
'Ngozi Okonjo-Iweala','Samuel Ioraer Ortom'
,0
'Ngozi Okonjo-Iweala','Shamsudeen Usman'
,1
'Ngozi Okonjo-Iweala','Stella Oduah-Ogiemwonyi'
,1
'Ngozi Okonjo-Iweala','Steven Oronsaye'
,0
'Ngozi Okonjo-Iweala','Viola Onwuliri'
,1
'Ngozi Okonjo-Iweala','Yerima Lawal Ngama'
,0
'Ngozi Okonjo-Iweala','Yusuf Sulaiman'
,0
'Ngozi Okonjo-Iweala','Zainab Ibrahim Kuchi'
,1
'Ngozi Okonjo-Iweala','Zainab Maina'
,1
'Olajumoke Akinjide','Olugbenga Ashiru'
,1
'Olajumoke Akinjide','Olusegun O. Aganga'
,0
'Olajumoke Akinjide','Olusegun Okunnu'
,0
'Olajumoke Akinjide','Onyebuchi Chukwu'
,0
'Olajumoke Akinjide','Peter S. Nmadu'
,0
'Olajumoke Akinjide','Ruqayyatu Rufai'
,0
'Olajumoke Akinjide','Samuel Ioraer Ortom'
,0
'Olajumoke Akinjide','Shamsudeen Usman'
,0
'Olajumoke Akinjide','Stella Oduah-Ogiemwonyi'
,1
'Olajumoke Akinjide','Steven Oronsaye'
,0
'Olajumoke Akinjide','Viola Onwuliri'
,1
'Olajumoke Akinjide','Yerima Lawal Ngama'
,0
'Olajumoke Akinjide','Yusuf Sulaiman'
,0
'Olajumoke Akinjide','Zainab Ibrahim Kuchi'
,1
'Olajumoke Akinjide','Zainab Maina'
,1
'Olugbenga Ashiru','Olusegun O. Aganga'
,0
'Olugbenga Ashiru','Olusegun Okunnu'
,0
'Olugbenga Ashiru','Onyebuchi Chukwu'
,0
'Olugbenga Ashiru','Peter S. Nmadu'
,0
'Olugbenga Ashiru','Ruqayyatu Rufai'
,0
'Olugbenga Ashiru','Samuel Ioraer Ortom'
,0
'Olugbenga Ashiru','Shamsudeen Usman'
,0
'Olugbenga Ashiru','Stella Oduah-Ogiemwonyi'
,0
'Olugbenga Ashiru','Steven Oronsaye'
,0
'Olugbenga Ashiru','Viola Onwuliri'
,1
'Olugbenga Ashiru','Yerima Lawal Ngama'
,0
'Olugbenga Ashiru','Yusuf Sulaiman'
,0
'Olugbenga Ashiru','Zainab Ibrahim Kuchi'
,0
'Olugbenga Ashiru','Zainab Maina'
,0
'Olusegun O. Aganga','Olusegun Okunnu'
,0
'Olusegun O. Aganga','Onyebuchi Chukwu'
,0
'Olusegun O. Aganga','Peter S. Nmadu'
,0
'Olusegun O. Aganga','Ruqayyatu Rufai'
,0
'Olusegun O. Aganga','Samuel Ioraer Ortom'
,0
'Olusegun O. Aganga','Shamsudeen Usman'
,2
'Olusegun O. Aganga','Stella Oduah-Ogiemwonyi'
,1
'Olusegun O. Aganga','Steven Oronsaye'
,0
'Olusegun O. Aganga','Viola Onwuliri'
,0
'Olusegun O. Aganga','Yerima Lawal Ngama'
,0
'Olusegun O. Aganga','Yusuf Sulaiman'
,0
'Olusegun O. Aganga','Zainab Ibrahim Kuchi'
,0
'Olusegun O. Aganga','Zainab Maina'
,0
'Olusegun Okunnu','Onyebuchi Chukwu'
,0
'Olusegun Okunnu','Peter S. Nmadu'
,0
'Olusegun Okunnu','Ruqayyatu Rufai'
,0
'Olusegun Okunnu','Samuel Ioraer Ortom'
,0
'Olusegun Okunnu','Shamsudeen Usman'
,0
'Olusegun Okunnu','Stella Oduah-Ogiemwonyi'
,0
'Olusegun Okunnu','Steven Oronsaye'
,0
'Olusegun Okunnu','Viola Onwuliri'
,0
'Olusegun Okunnu','Yerima Lawal Ngama'
,0
'Olusegun Okunnu','Yusuf Sulaiman'
,0
'Olusegun Okunnu','Zainab Ibrahim Kuchi'
,0
'Olusegun Okunnu','Zainab Maina'
,0
'Onyebuchi Chukwu','Peter S. Nmadu'
,0
'Onyebuchi Chukwu','Ruqayyatu Rufai'
,0
'Onyebuchi Chukwu','Samuel Ioraer Ortom'
,0
'Onyebuchi Chukwu','Shamsudeen Usman'
,0
'Onyebuchi Chukwu','Stella Oduah-Ogiemwonyi'
,0
'Onyebuchi Chukwu','Steven Oronsaye'
,0
'Onyebuchi Chukwu','Viola Onwuliri'
,0
'Onyebuchi Chukwu','Yerima Lawal Ngama'
,0
'Onyebuchi Chukwu','Yusuf Sulaiman'
,0
'Onyebuchi Chukwu','Zainab Ibrahim Kuchi'
,0
'Onyebuchi Chukwu','Zainab Maina'
,0
'Peter S. Nmadu','Ruqayyatu Rufai'
,0
'Peter S. Nmadu','Samuel Ioraer Ortom'
,0
'Peter S. Nmadu','Shamsudeen Usman'
,0
'Peter S. Nmadu','Stella Oduah-Ogiemwonyi'
,0
'Peter S. Nmadu','Steven Oronsaye'
,0
'Peter S. Nmadu','Viola Onwuliri'
,0
'Peter S. Nmadu','Yerima Lawal Ngama'
,0
'Peter S. Nmadu','Yusuf Sulaiman'
,0
'Peter S. Nmadu','Zainab Ibrahim Kuchi'
,0
'Peter S. Nmadu','Zainab Maina'
,0
'Ruqayyatu Rufai','Samuel Ioraer Ortom'
,0
'Ruqayyatu Rufai','Shamsudeen Usman'
,0
'Ruqayyatu Rufai','Stella Oduah-Ogiemwonyi'
,0
'Ruqayyatu Rufai','Steven Oronsaye'
,0
'Ruqayyatu Rufai','Viola Onwuliri'
,0
'Ruqayyatu Rufai','Yerima Lawal Ngama'
,0
'Ruqayyatu Rufai','Yusuf Sulaiman'
,0
'Ruqayyatu Rufai','Zainab Ibrahim Kuchi'
,0
'Ruqayyatu Rufai','Zainab Maina'
,0
'Samuel Ioraer Ortom','Shamsudeen Usman'
,0
'Samuel Ioraer Ortom','Stella Oduah-Ogiemwonyi'
,0
'Samuel Ioraer Ortom','Steven Oronsaye'
,0
'Samuel Ioraer Ortom','Viola Onwuliri'
,0
'Samuel Ioraer Ortom','Yerima Lawal Ngama'
,0
'Samuel Ioraer Ortom','Yusuf Sulaiman'
,0
'Samuel Ioraer Ortom','Zainab Ibrahim Kuchi'
,0
'Samuel Ioraer Ortom','Zainab Maina'
,0
'Shamsudeen Usman','Stella Oduah-Ogiemwonyi'
,0
'Shamsudeen Usman','Steven Oronsaye'
,0
'Shamsudeen Usman','Viola Onwuliri'
,0
'Shamsudeen Usman','Yerima Lawal Ngama'
,0
'Shamsudeen Usman','Yusuf Sulaiman'
,0
'Shamsudeen Usman','Zainab Ibrahim Kuchi'
,0
'Shamsudeen Usman','Zainab Maina'
,0
'Stella Oduah-Ogiemwonyi','Steven Oronsaye'
,0
'Stella Oduah-Ogiemwonyi','Viola Onwuliri'
,1
'Stella Oduah-Ogiemwonyi','Yerima Lawal Ngama'
,0
'Stella Oduah-Ogiemwonyi','Yusuf Sulaiman'
,0
'Stella Oduah-Ogiemwonyi','Zainab Ibrahim Kuchi'
,1
'Stella Oduah-Ogiemwonyi','Zainab Maina'
,1
'Steven Oronsaye','Viola Onwuliri'
,0
'Steven Oronsaye','Yerima Lawal Ngama'
,0
'Steven Oronsaye','Yusuf Sulaiman'
,0
'Steven Oronsaye','Zainab Ibrahim Kuchi'
,0
'Steven Oronsaye','Zainab Maina'
,0
'Viola Onwuliri','Yerima Lawal Ngama'
,0
'Viola Onwuliri','Yusuf Sulaiman'
,0
'Viola Onwuliri','Zainab Ibrahim Kuchi'
,1
'Viola Onwuliri','Zainab Maina'
,1
'Yerima Lawal Ngama','Yusuf Sulaiman'
,0
'Yerima Lawal Ngama','Zainab Ibrahim Kuchi'
,0
'Yerima Lawal Ngama','Zainab Maina'
,0
'Yusuf Sulaiman','Zainab Ibrahim Kuchi'
,0
'Yusuf Sulaiman','Zainab Maina'
,0
'Zainab Ibrahim Kuchi','Zainab Maina'
,1
'Abiye Membere','Abiye Membere'
,0
'Alhaji Abdullahi Bukar','Alhaji Abdullahi Bukar'
,1
'Aminu Baba-Kusa','Aminu Baba-Kusa'
,1
'Andrew Yakubu','Andrew Yakubu'
,1
'Anthony Madichie','Anthony Madichie'
,0
'Anthony Ogbuigwe','Anthony Ogbuigwe'
,1
'Attahir B. Yusuf','Attahir B. Yusuf'
,0
'Awwalu Abubakar','Awwalu Abubakar'
,0
'Ayodele Balogun','Ayodele Balogun'
,3
'Bala Mohammed','Bala Mohammed'
,533
'Bart Nnaji','Bart Nnaji'
,5
'Bashir Yugudu','Bashir Yugudu'
,1
'Bello H. Mohammed','Bello H. Mohammed'
,4
'Bernard O.N. Otti','Bernard O.N. Otti'
,0
'Bolaji Abdullahi','Bolaji Abdullahi'
,4
'Bukar Tijani','Bukar Tijani'
,1
'Caleb Olubolade','Caleb Olubolade'
,2
'Comrade Abba Moro','Comrade Abba Moro'
,0
'Daniel Wadzani','Daniel Wadzani'
,0
'Danladi Kifasi','Danladi Kifasi'
,0
'David Ige','David Ige'
,1
'Diezani Alison-Madueke','Diezani Alison-Madueke'
,8
'Eddy Ejikam','Eddy Ejikam'
,0
'Emeka Wogu','Emeka Wogu'
,4
'Erelu Olusola Obada','Erelu Olusola Obada'
,1
'Godsday Orubebe','Godsday Orubebe'
,5
'Goodluck Jonathan','Goodluck Jonathan'
,7430
'Idris A.Umar','Idris A.Umar'
,4
'Ita Okon Bassey Ewa','Ita Okon Bassey Ewa'
,0
'Labaran Maku','Labaran Maku'
,6
'Levi Ajuonuma','Levi Ajuonuma'
,1
'Mike Onolememen','Mike Onolememen'
,0
'M.O Bajomo','M.O Bajomo'
,0
'Mohammed Bello Adoke','Mohammed Bello Adoke'
,1
'Mohammed Musa Sada','Mohammed Musa Sada'
,0
'Ngozi Okonjo-Iweala','Ngozi Okonjo-Iweala'
,622
'Olajumoke Akinjide','Olajumoke Akinjide'
,2
'Olugbenga Ashiru','Olugbenga Ashiru'
,3
'Olusegun O. Aganga','Olusegun O. Aganga'
,2
'Olusegun Okunnu','Olusegun Okunnu'
,0
'Onyebuchi Chukwu','Onyebuchi Chukwu'
,2
'Peter S. Nmadu','Peter S. Nmadu'
,0
'Ruqayyatu Rufai','Ruqayyatu Rufai'
,1
'Samuel Ioraer Ortom','Samuel Ioraer Ortom'
,0
'Shamsudeen Usman','Shamsudeen Usman'
,3
'Stella Oduah-Ogiemwonyi','Stella Oduah-Ogiemwonyi'
,3
'Steven Oronsaye','Steven Oronsaye'
,0
'Viola Onwuliri','Viola Onwuliri'
,2
'Yerima Lawal Ngama','Yerima Lawal Ngama'
,1
'Yusuf Sulaiman','Yusuf Sulaiman'
,2
'Zainab Ibrahim Kuchi','Zainab Ibrahim Kuchi'
,1
'Zainab Maina','Zainab Maina'
,3